뉴스 식별자,일자,언론사,기고자,제목,통합 분류1,통합 분류2,통합 분류3,사건/사고 분류1,사건/사고 분류2,사건/사고 분류3,인물,위치,기관,키워드,특성추출,본문,URL,분석제외 여부
01100701.20161231110200001,20161231,세계일보,박윤희,금연에 도움 되는 10가지 식품, 사회>의료_건강, IT_과학>과학,,,,,,"미국,오메가",,"금연,도움,가지,식품,흡연,심혈관계,질환,각종,발병,원인,담배,시작,니코틴,노출,물질,중독성,건강상,담배,결심,포기,중독,중독,습관,금연,성공,금연,음식,가지,위티피드,미국,온라인,매체,소개,채소,담배,입맛,징조,담배,그동안,금연,노력,물거품,당근,샐러리,브로콜리,오이,채소,열량,부담감,흡연,욕구,억제,다크,초콜릿,다크,초콜릿,금연,치매,예방,유지,건강,유익,식품,다크초콜릿,분유,설탕,카카오,함량,카카오,담배,생각,다크초콜릿,조금씩,생강,생강,흡연,욕구,억제,효과적,식품,생강,설탕,생강,편강,오메가3가,오메가,지방산,오메가,음식,흡연,부정적,영향,오메가3지방산,연어,치아시드,캐놀라유,동맥경화,개선,흡연,혈관,손상,오렌지,금연,결심,오렌지,주스,담배,생각,잔씩,만족도,토마토,토마토,라이코펜,니코틴,해독,효과적,금연,결심,토마토,사람,주스,시중,토마토주스,소금,음식,흡연,욕구,흡연,욕구,소금,금연,도움,반대,자극적,음식,흡연,욕구,금연,결심,견과,견과,저작운동,식품,담배,생각,귀리,담배,혈당수치,두통,현기증,호소,금연,귀리,섭취,니코틴,두통,현기증,우유,우유,건강,역할,식품,우유,요구르트,유제품,담배,금연,결과","미국,지방산,오메가,오메가3가,현기증,잔씩,건강상,라유,캐놀,동맥경화,캐놀라유,치아시드,브로콜리,물거품,심혈관,저작운동,온라인,발병,위티피드,오메가3지방산,중독성,조금씩,심혈관계,부담감,혈당수치,토마토주스,편강,만족도,라이코펜","  흡연은 심혈관계질환과 각종 암의 주요 발병 원인으로 꼽힌다. 담배를 피우기 시작하면 우리 몸은 니코틴에 노출되는데, 이 물질은 중독성이 매우 강해 끊기 어렵게 만든다. 건강상 문제로 담배를 끊으려고 결심했다가 포기하는 이유도 '중독' 때문이다.  중독으로 인한 오랜 ‘습관’을 끊어내지 못하면 금연에 성공할 수 없다. 당신의 금연을 도와줄 음식 1..",http://www.segye.com/content/html/2016/12/30/20161230001498.html,
01101101.20161230050717002,20161230,한국일보,,[지평선] 젊음은 축복일까, 문화>출판, 문화>생활,,,,,"이달,우탁,서경덕,황진이","미,아델라","구글,칼리코","젊음,축복,마감,시점,슬픔,두려움,가시,백발,막대,백발,지름길,우탁,시조,탄로가,嘆老歌,가슴,백발,염색,머리,가발,젊음,조선,중기,시인,이달,대화탄로,對花歎老,가지,흰머리,축복,저주,2015년,개봉,영화,아델라인,주제,근접,자동차,사고,아델라인,100여년,29세,존재,하지만,영원,젊음,축복,재앙,사람,신분,도망,사랑,사람,운명,요즘,드라마,도깨비,936년,불멸,존재,사랑,죽음,고통,노화,죽음,자연현상,의학,발달,기대수명,네안데르탈인,기대수명,20세,고대,로마인,27세,20세기,미국인,48세,인간,기대수명,80세,하지만,구글,칼리코,바이오,기업,노화연구,집중,투자,인간,수명,500세,연장,프로젝트,통증,벌거숭이두더지쥐,발효세균,효모,해답,느낌,생명,연장,창대,동물,대양복합조개,450년,장수기록,보유,인간,세계,불로초,不老草,희망,하지만,무병,장수,최선일,나이,행동거지,명기,황진이,유혹,서경덕,시조,교훈적,마음,매양,아마도,마음,황진이,실수,우세,걱정,남녀,신경,조재우,논설위원","하지만,아델라인,황진이,기대수명,조선,100여년,29세,미국인,논설위원,20세기,조재우,27세,발효세균,대양,벌거숭이두더지쥐,대양복합조개,로마인,對花歎老,자동차,행동거지,嘆老歌,不老草,대화탄로,장수기록,탄로가,최선일,우탁,서경덕,지름길,흰머리,48세,매양,아마도,자연현상,칼리코","오십 줄에 접어들면 통상 살 날보다 산 날이 더 많다. 젊건 늙건 한 해를 마감하는 시점이 다가오면 한 살 더 먹는 것에 막연한 슬픔이나 두려움이 느껴져 안타깝다. 해가 저물 때마다 “늙는 길 가시로 막고 오는 백발 막대로 치렸더니, 백발이 제 먼저 알고 지름길로 오더라”는 우탁의 시조 ‘탄로가(嘆老歌)’가 가슴에 닿는다. 백발을 염색하고, 빠지는 머리..",http://hankookilbo.com/v/b3015796ea13495aad389faf672f6172,
01100201.20161230203136001,20161230,국민일보,,[기적을 품은 아이들 그 후] “시인 꿈 포기 안돼” 네티즌이 나섰다, 사회>여성, 국제,,,,,"유진이,정형석,장유진",안산시,"보건복지부,다음카카오,건강보험심사평가원,국민일보,구세군,유진,안산제일교회,밀알복지재단,위안부","시인,포기,시인,네티즌,기적,奇蹟,상식적,생각,불가사의,현상,6개월,국민일보,밀알복지재단,기적,아이들,이름,저소득,장애,아동,청소년,가족들,현장,단어,불가능,포기,불가능,수술,식물인간,아이,집안,포기,하지만,기로,아이들,가족,포기,기적,2016년,마지막,가슴,기적,소식,스토리펀딩,희망,소녀,장유진,선천,뇌동,정맥,기형,스프링노트,1만,기적,소녀,시인,장유진,뇌병변,2급,8월,1년,뇌출혈,1년,발작,5개월,기적,회복,뇌혈관,실타래,14차례,뇌출혈,유진이,웃음,그동안,역경,상상,만큼,미소,전신마비,유일,오른손,인사,기자님,제목,취재,기자님,취재,기적,아이들,소녀,지탱,사연,유진이,희망,장애인,별명,TV,언론,매체,유진이,조명,구세군자선냄비,안산시평생학습관,문인단체,각계각층,후원,건강보험심사평가원,보건복지부,산하,공익,광고,모델,발탁,어머니,이성자,안산제일교회,집사,4대,중증,질환,심장,뇌혈관,난치성,질환,보험,보장,강화,복지사각지대,개선,중요성,희망,릴레,희망,릴레이,10월,뇌출혈,유진이,회복세,콧줄,자신,작품,작품,코끼리,할머니,모습,기도,하루,마감,엄마,성탄절,눈물,유진이,유진이,메리,크리스마스,성탄절,유진이,꿈속,예수님,생일,축하,메리,크리스마스,엄마,기적,유진이,머리맡,친구,문구,집사,국민일보,통화,재활치료,의사표현,한순간,타임머신,사경,기적,스토리펀딩,엄마,기도,위기,기적,다음카카오,스토리펀딩,Story,funding,유진이,소식,시작,기적,아이들,펀딩,분야,펀딩,관심,이틀,모금액,45%,달성,storyfunding.daum.net,episode,모금,후원금,후원,참가자,응원,메시지,아줌마,아들,유진이,수술,기적,생활,기적,기도,유진아,포기,모습,정신,희망,포기,유진,어머님,예전,모습,응원,진심,격려,밤새,밤새,집사,유진이,위로,응원글,유진이,상임대표,정형석,밀알,복지,재단,상임,대표,중증,절반,출신,저소득,가정,부모,의료비,감당,위기,치료,중단,현실,수술,치료,장애아동,비장애인,치료시기,건강악화,기적,출발점,위로,격려,절망,희망,포기,스토리펀딩스토리펀딩,콘텐츠,캠페인,출판,음악,영화,신기술,이슈,주제,창작물,사람들,이야기,소개,자금제공,펀딩,참여,플랫폼,콘텐츠,생태,확대,창작자,후원자,연결,소통,후원자,창작과정,기여,1년,900여명,1년,창작자들,자신,비전,이야기,26만,후원자들,동참,83억,후원금,스토리펀딩,캠페인,분야,스토리,펀딩,가정,저소득층,장애인,현실,법적,테두리,외국인,노동자,당면,위기,위안부,할머니,응원,직원,임금,체불,아르바이트,사회,단면,후원자들,직접적,응원,도구,후원,댓글,전달,응원,메시지,수혜자들,물질후원,체험,특별,경험,제공,경험,불가능,포기,단어,수혜자들,희망,용기,전환,감동","유진이,펀딩,스토리펀딩,후원자,장유진,저소득,국민일보,뇌출혈,장애인,불가능,뇌혈관,창작자,후원금,정형석,밀알복지재단,성탄절,기자님,스프링노트,후원자들,4대,6개월,보건복지부,2급,비장애인,수혜자,수혜자들,메리","기적(奇蹟). 상식적으로 생각할 수 없는 기이한 일, 신(神)에 의해 행해졌다고 믿는 불가사의한 현상을 일컫는 말이다. 지난 6개월간 국민일보와 밀알복지재단은 ‘기적을 품은 아이들’이란 이름으로 저소득 장애아동 청소년과 그 가족들을 찾아 나섰다. 현장에서 가장 먼저 접한 단어는 ‘불가능’과 ‘포기’였다. “불가능에 가깝다. 수술해도 식물인간이 될 거다...",http://news.kmib.co.kr/article/view.asp?arcid=0923669502&code=23111111&cp=nk,
01101001.20161230193850001,20161230,한겨레,,바로 서는 언론을 보는 게 최고의 항암제,,,,사회>사회갈등>시위,,,"이명박,박근혜,김재철,삼성이,김대중,김문수,이용마,김무성,김영삼,이상돈","전주,소장도,서울,남양주시,대장도,경기도,청계산,경북,축령산,삼성공화국,판교,대한민국,남양주,한,남원","독일,국세청,소련,엠비시,경찰,서울대,트위터,방송통신위원회,MBC,문화방송 대주주,김재철,노무현 정부,대한민국,새누리당,KBS,MBC아카데미,국민의당,한국정치연구소,문화방송,영천,검찰,국회,케이비에스,대법원,방문진,국정원,삼성,전주고,엠비시 아카데미,청와대,헌법재판소,방송문화진흥회,삼성 불법,개혁보수신당","언론,최고,항암제,산길,붐볐,여름,한철,펜션,현수막,대목,음식점,도심,광장,주말,사이,가을,소리,나무들,속살,정기,겨울,준비,강인한,나목,사이,계곡,수량,물소리,계곡물,투명,경기도,남양주시,축령산,기슭,요양원,입구,도착,전화,현관문,바깥,인터넷,촛불집회,요즘,최고,항암제,이용마,해직,언론인,엠비시,MBC,파업,파업,노조,홍보국장,번째,해고무효,소송,1심,2심,승소,회사,복직,1년,개월째,대법원,판결,진단,9월,복막암,초등학교,2학년,아들,쌍둥이,아내,요양원,팔순,노모,식사수발,이틀,박근혜,탄핵안,국회,가결,주류언론,종편,촛불민심,승리,선언,이용마,페이스북,탄핵,가결,국회,탄핵안,통과,국가,사회,중추기관,장악,자들,권력,술수,국민들,목소리,억압,기득권,목소리,반영,민주주의,말살,언론문제,해결,요구,세력,국민,이름,응징,시민혁명,이용마,페이스북,12월,5시,2012년,MBC,파업,2심,승소,해고자,해고,무효,소송,복직거부,최종심,9월,복막암,진단,자연,요법,항암식품,강자,현실,기자들,삼성,비판,기사,삼성,지인,회사,압력사내게시판,삼성공화국,라디오,방송,편집부,전보,발령,아빠,곰보배추차,염증,찻물,찻잔,뒷맛,항암치료,수술,병원,치료,정말,중순,수술,예정,9월,복강경,수술,조직검사,요로결석,응급실,통증,고생,1~2주,체중,6킬로,체력,상태,수술,원래,병원,수술,병원,수술,복강경,사진,종양,복막암,권위,의사,병원,수술,얘길,수술,규모,복막,소장,대장,수술,규모,수술시간,12시간,생각,청천벽력,복막암,말기,자각증상,상상,수술,개월,생존,50%,일상생활,포기,회의,수술,자연치유,의지,경북,영천,농가,달쯤,요양,남양주,장소,규칙적,생활,식단,자연요법,항암식품,일과,요즘,하루,운동,10시,항암식품,책상,항암식품들,종류,조금,시간차,등산,요즘,하루,시간,등산,샤워,항암식품들,저녁식사,족욕,정도,풀케어,관리,남들,무료,웃음,하루,일정,아이들,반쯤,그사이,원래,서울,근처,판교,청계산,이사,공기,잔금,마누라,웃음,아내,마음,공기,동네,새집,쾌차,애들,아빠,얘기,국립,정보,센터,사이트,아이들,아이들,아빠,아빠,대한민국,삼성장학생,나라,이용,남원,2남,막내,전주,전주고,졸업,정치학과,서울대,정치학,입학,대학원,석사,문화방송,입사,96년,해직,2012년,남들,재벌,비리,삼성,비리,보도,바람,미운털,원래,생각,기자시험,웃음,아버지,지방공무원,유교적,보수적,집안,행정고시,입신양명,관료,정치학과,고시,87년,대학,입학,웃음,6월,항쟁,사회,고시,군사정부,복무,결과,회의,결정,사회,사회,사회과학,시작,독일,사이,통일,91년,소련,사회,변화들,석사,군대,때쯤,고민,공부,현실,나중,웃음,적성,장점,강자,약자,생각,경찰서,서장실,관공서,경비원,길거리,환경,미화원,소용,겸손,현실,반대,강자,약자,무관심,기자들,생활,시작,정권,김영삼,10년,김대중,노무현,정부,상대적,여건,정치권력,재벌,대변,공영방송,압력,재벌,언론,압박,2004년,삼성,이재용,불법,상속,고발,공소,시효,7년,검찰,수사,검찰,출입,기사,기자들,스트레이트,기사,출입,언론사,검찰,출입,삼성,전화,지인,전화,회사,부장,기사,삼성,전화,삼성,불법,상속,고발,방치,검찰,비판,기사,삼성,전화,검찰,비판,항의,그다음,삼성,지인들,동원,전화,그다음,회사,선배,피곤,영화,검사,선배,검사,모임,재계,당사자,10개,7~8개,5~6개,재벌,로비,상황,언론,검찰,정부,삼성장학생,얘기,분통,게시판,사내,보도국,삼성공화국,차례,듯이,함구,라디오,편집부,전보발령,삼성,보도,삼성,삼성,삼성,웃음,경제부,금융팀,삼성,불법,상속,검찰,고발,검찰,출입,부처,대한민국,정부,경험,대한민국,핵심,부처,삼성,장악,대한민국,정치권력,실질적,삼성,대통령,5년,권불5년,재벌,3대,4대,세습,재벌,무소불위,권력,대한민국,기득,세력,핵심,삼성,개혁,대한민국,사회,개혁,인터뷰,체력,부담,조심,점심식사,상처,생각,마음,1월,7월,170일,파업,이야기,이명박,낙하산,인사,퇴진,김재철,사장,총파업,참담,패배,6명,해고,250여명,정직,징계,부당,전보발령,파업,시작,이명박,파업,패배,마무리,박근혜,유능,피디들,비제작부서,발령,바른말,조합원,승진,누락,30%대,엠비시,시청률,2~3%,박근혜,몰락,공영방송,이용마,건강,복귀,재벌,비리,보도,식사,원래,산행,이야기,파업,투병중,소식,사람들,울분,한편,죄책감,미안,복합적,감정,2012년,해직,고초,병마,생각,침묵,가지,감정,발병,소식,후배들,문자,전화,번째,감정들,마음,한편,그간,생각,괴로움,어려움,후배들,미안,후배들,한참,숫자,현업,배제,파업,상황,MB,퇴진,낙하산,김재철,파업대선,박근혜,후보,연락,파업,순리,해결,약속,파업,중단,파업참가자들,MBC아카데미,간부들,전보,인사,발령,간부,정권,생각,선거,편파방송,기승,시작,트위터,기득권,세력,파업,파업,경험,반영,촛불집회,엠비시,케이비에스,KBS,취재진,야유,철수,회사,로고,옥상,리포팅,엠비시,공정,보도,조항,진보적,단체협약안,모범사례,가슴,파업,파업,계기,2011년,에프티에이,FTA,반대,시위,엠비,로고,영하,날씨,물대포,비판,김문수,도지사,전화,논란,엠비시,이명박,사저,보도,청와대,대로,건들,차례,누적,1월,일날,파업,소득,170일,7월,파업,파업,자체,유지,상황,파업자,파업,참가자,최고조,500여명,시작,회사,막무가내,정도,대선,12월,분위기,얘기,청와대,이참,엠비시,디엔에이,DNA,파업,엠비,사측,대체인력,보강,입장,6개월,조합원들,월급,대선,6개월,출구,형편,출구,제공,박근혜,대선,박근혜,후보,박근혜,연락,약속,박근혜,약속,기망,欺罔,약속,국민의당,이상돈,교수,비상대책위원,새누리당,비상,대책,위원,전언,노조,파업,순리,해결,박근혜,후보,박근혜,생각,확인,공식적,자리,엠비시,해고,유감,멘트,정확,문장,토씨,이틀,박근혜,후보,박근혜,발언,그다음,이상돈,교수,노조,명분,나중,메시지,방송통신위원회,상임,위원,해임,김재철,사장,국회,언론,청문회,언론,개최,노력,약속,반신반의,엠비,노조,7월,파업,중단,그날,11시,파업참가자,엠비시,아카데미,교육,인사발령,3기,1,,2,,3기,100여명,조합원,현업,명목상,교육,브런치,교육프로그램들,김재철,사장,해임,약속,파업,8월,방송문화진흥회,방문진,문화방송,대주주,이사진,선임,10월,김재철,해임,논의,김무성,박근혜,후보,총괄,선대본부장,비서실장,대통령,인사,방문진,여당,전화,해임안,부결,사기,사장,해임,부결,11월,기자회견,사실,박근혜,약속,배신,조목조목,폭로,이상돈,교수,사실,인정,반향,조중동,언론,충격,대선,야당,사실,야당,믿음,사람들,언론,해결,의지,사람들,한숨,운동장,운동장,국민,지지,생각,여당,상대적,이득,시소게임,원조친박,진박,비박,탈박,이합집산,탄핵,가결,새누리당,개혁보수,공영언론,역사,변곡점,일직선,추락,언론,흑역사,부역세력들,언론사,수장,특권,타파,개혁,헌법재판소,탄핵안,확정,공영방송,기조,변화,공영방송,정권,순간,방송사,간부,정권,생각,여당,재집권,선거,국면,편파보도,기승,정권,야당,집권,그동안,공정,방송,목소리,사람,그중,탄핵,목소리,정치권,이용마,해고,정치학,연구원,서울대,한국정치연구소,재직,한편,국민,라디오,진행,정치학,전공자,전망,겨울,중요,분수령,내년,봄쯤,상황,예측불가,지식인,예측,개헌,얘기,제왕,대통령,개헌,권력,연장,술수,제왕,대통령,대통령,여당,권력기관,장악,사람,검찰,경찰,국세청,국정원,동원,통제,검찰,경찰,국세청,국정원,대통령,대통령,인사권,대통령,기관,인사,국민들,공영언론,국민배심원제,균형,성별,연령,심사단,구성,프레젠테이션,사장,후보,대통령,전문,지식,언론사,사장,전문지식,상식,사람,얼마,가능,8월,일자,트위터,12월,재개,시민혁명,방향,자들,건곤일척,승부,기득,세력,권력,세력,파업,기득,이용,경험,얘기,대선,야당,박정희냐,노무현,구도,기득권,비기득권,기득,기득,구도,구도,야당,사람,야당,기득,세력,구도,자들,목소리,반영,정치세력,세력,대결,구도,실질적,개혁,대통령,중요,일제,득세,기득,구조,국민,요구,정치,요구,중요,2016년,마지막날,해직,이용마,출근,저지,공영방송,지배구조,개선,언론,장악,방지법,새누리당,반대,국회,5개월,계류,녹취,심지연,이진순,풀뿌리,정치,실험실,대표,언론,박사,소통기술,시민참여,세상,주업,사람,사이,수평,그물망,거대,수직,권력,제어,사람들,세상,기쁨,사람들,격주","삼성,박근혜,엠비시,대한민국,기득권,이용마,공영방송,김재철,정치학,복막암,엠비,언론사,이명박,탄핵안,새누리당,시간date,조합원,자들,서울대","호젓한 산길이었다. 여름 한철 붐볐을 펜션의 현수막이 빛바랜 채 나부끼고, 대목이 지난 음식점은 문을 닫았다. 도심 광장에서 주말을 보내는 몇 주 사이, 가을은 소리 없이 저물었나 보다. 마른 잎을 떨군 나무들은 단단한 속살 속에 정기를 모으며, 다가올 겨울을 준비하고 있었다. 앙상하지만 강인한 나목 숲 사이로 계곡이 깊었다. 수량이 많지 않아 물소리는..",http://www.hani.co.kr/arti/society/media/776804.html,
01100301.20161230113954002,20161230,내일신문,고성수,[2016년 산업계 결산] 4차 산업혁명 쓰나미 ICT업계 덮쳤다, IT_과학>인터넷_SNS,,,,,,이세돌,"울산,대한민국,서울,간절곶,강남,스위스","구글,SK텔레콤,네이버,ETRI,뉴시스,삼성전자,롯데그룹,한국전자통신연구원,솔트룩스,IBM,연합뉴스,세계경제포럼,SKC&C,AI 엑소,가천대 길병원","4차,산업혁명,쓰나미,ICT,업계,2016년,정보통신기술,정보,통신,ICT,산업,인공지능,AI,대변,산업혁명,물결,이세돌,9단,알파고,구글,인공지능,대결,기자회견,생각,사진,사진,1월,스위스,세계경제포럼,시작,3월,알파고,이세돌,대결,AI,탑재,서비스,출현,변화,물결,도태,위기감,상황,3월,이세돌,9단,구글,AI,알파고,대결,AI,미래,생각,계기,울산,간절곶,포켓몬고,게임,가능,소식,전국,7월,방문객들,게임,뉴시스,알파고,9단,대결,4대,완승,알파고,승리,AI세상,동시,알파고,사건,AI,접목,서비스,출시,주목,SKC&C,왓슨,IBM,AI,에이브릴,서비스,명칭,산업,이식,사업,진행,가천대,길병원,왓슨,진료,사용,롯데그룹,계열사,IBM,왓슨,제2리콜,삼성전자,갤럭시노트,리콜,시작,서울,강남,위치,SK텔레콤,매장,회수,갤노트7,뉴시스,순수,국산,AI,주목,한국전자통신연구원,ETRI,자체개발,AI,엑소브레인,장학퀴즈,화제,솔트룩스,아담,SK텔레콤,네이버,음성인식,서비스,자동통,번역,서비스,파파고,시작,정식,공개,나이언틱,증강현실,AR,모바일게임,포켓몬,AR,가상현실,VR,미래,발짝,가까이,경험,계기,신기술,충격,두려움,사태,갤럭시노트,리콜,ICT,먹구름,사건,삼성전자,스마트폰,갤럭시노트,출시,발화사고,2개월,단종,세계,개국,환불,교환,진행,삼성전자,사건,7조,손실,갤럭시노트7,삼성전자,손실,대한민국,ICT,선진국,명성,오점","알파고,ai,갤럭시노트7,삼성전자,왓슨,갤럭시노트,산업혁명,뉴시스,인공지능,이세돌,선진국,9단,sk텔레콤,ict,파파고,구글,가상현실,ar,2개월,정보통신기술,강남,네이버,쓰나미,신기술,ibm,대한민국,스위스","2016년 국내 정보통신기술(ICT)산업에는 인공지능(AI)으로 대변되는 제4차 산업혁명의 물결이 거세게 몰아쳤다. 이세돌 9단이 구글 인공지능 알파고와 대결 후 기자회견에서 생각에 잠겨 있다. 사진 연합뉴스 1월 스위스에서 열린 세계경제포럼을 시작으로 3월 알파고와 이세돌의 대결, 다양한 AI탑재 서비스의 출현 등이 이어졌다. 쉼없이 몰아치는 변화..",http://www.naeil.com/news_view/?id_art=222633,
01100101.20161230113330001,20161230,경향신문,,"암요양병원, 단순 요양 넘어 집중적인 치료도 가능", 문화>생활,,,,,,"박상채,이동성",,"암요양병원,청평푸른숲한방병원","암요양병원,단순,요양,집중적,치료,가능,현대의학,발전,극복,질병,우리나라,3명,국민,3명,1명,정도,발병률,치료,하지만,발병,초기,국한,보통,완치,항암치료,환자,고통,정신적,육체적,고통,물론,재발,가능성,희망,현실,투병생활,암환자,집중적,체계적,치료,암요양병원,변화,요양병원수,40%,사이,40%,현대의학,한의학,시너지,효과,토대,양한방통합치료,주목,환자,면역력,향상,치료,기본,항암치료,방사선,각종,부작용,경감,치료율,양한방통합치료,목적,청평푸른숲한방병원,박상채,대표원장,한방치료,병행,항암유효반응률,상승,면역치료,호전,사례들,한방항암치료,환자들,선호도,전문가들,양한방통합치료,1차,치료,시행,대형,병원,주기적,외래,진료,병원,이동성,자체적,시행,암치료,프로그램,요양병원,선택,조언,암환자,면역력,지속적,강조,도심,환경,생활,병원,박상채,대표원장,건강,사람,체내,돌연변,세포,면역력,비밀,한의학,건강,생활습관,면역력,강화,면역치료,완화,치료,설명","면역력,양한방통합치료,암환자,한의학,발병,3명,면역치료,1명,현대의학,항암치료,대표원장,암요양병원,박상채,우리나라,요양병원,부작용,투병생활,돌연변,사례들,전문가들,암치료,가능성,발병률,한방항암치료,전문가,현대,요양병원수,청평푸른숲한방병원,이동성,선호도,항암유효반응률,치료율,방사선,한방치료,양한방,양한,생활습관,하지만,환자들","현대의학이 발전을 거듭하고 있지만, 암은 여전히 극복하기 어려운 질병이다. 우리나라의 경우 국민 3명 중 1명이 암에 걸릴 정도로 높은 발병률을 보이고 있다.암 치료율이 높아졌다고 하지만, 발병 초기인 암에 국한되는 것이 보통이며 ‘완치’를 기대하는 것은 말처럼 쉬운 일은 아니다. 항암치료 과정에서 환자가 겪는 고통도 상당하다. 정신적, 육체적인 고통은..",http://news.khan.co.kr/kh_news/khan_art_view.html?artid=201612301132018&code=940601,
01100611.20161230034152002,20161230,서울신문,김성호,“변화와 개혁의 새해가 되기를”, 문화>학술_문화재, 문화>요리_여행,,,,,"약사여래,이영훈","나사렛,한국,대한민국","개신교,한국기독교총연합회,평강,천주교,자승 조계종,성가정,불교","변화,개혁,새해,천주교,불교,개신교,민족종교,종교,지도자,정유년,丁酉年,새해,29일,신년,메시지,지도자들,격랑,정유년,변화,개혁,새해,기원,창조,염수정,추기경,천주교,서울대교구장,암흑,발전,성숙,창조,희망,노력,나사렛,성가정,聖家庭,사랑,기적,새해,가정,하느님,은총,축복,주님,은총,기쁨,소망,사회문제,해결,대표회장,이영훈,한국기독교총연합회,대표,회장,희망,새해,한국,교회,대한민국,세계,하나님,은혜,평강,기도,최순실,게이트,암울,2016년,한국,사회,변화,개혁,필요성,정치권력,구조,불균형,사회,어둠,문제들,해결,전화위복,轉禍爲福,자세,2017년,희망,2017년,종교,개혁,주년,변화,시작,회개,반성,회복,세상,주인공,위기,극복을,총무원장,자승,조계종,총무,원장,불교,중생,고통,군다리보살,軍茶利菩薩,화신,약사여래,수호,12나한,진달,나한,眞達羅,상징,기운,복덕,정유년,발원,주인공,자리,진실,행복,자리,세상,주인공,지혜,판단,선택,국가적,위기,극복,미래,건설,역사,정유년,희망,행복,기록,행복,불행,마음가짐,실천,새해,화해,화합,세상,열자,안경전,증산,종도사,어둠,정유년,새해,오늘날,사회,혼란,변혁,중심,자기중심,심법,心法,자신,내재,신성,神性,광명,인간,큰마음,대인,세상,홍익인간,이념,세상,역사,주역,사람,대자연,소통,수행,생활화,천지,참인간,태일,인생,역사,주인공,기도,화해,화합,상처,해원,解寃,상생,相生,세상,기원","정유년,불교,천주교,지도자들,한국,지도자,대자연,12나한,진달,조계종,자승,한국기독교총연합회,이영훈,불균형,心法,신성,심법,神性,軍茶利菩薩,군다리,자기중심,광명,화신,생활화,군다리보살,참인간,약사여래,성가정,眞達羅,聖家庭,解寃,태일,나사렛,나한,轉禍爲福,하나님,안경전,민족종교","천주교와 불교, 개신교, 민족종교 등 종교계 지도자들이 정유년(丁酉年) 새해를 앞두고 29일 일제히 신년 메시지를 발표했다. 지도자들은 그 어느 때보다 격랑이 몰아칠 정유년이 변화와 개혁의 새해가 되기를 한결같이 기원했다.
낡은 것 버리고 새로운 것 창조
●염수정 추기경(천주교 서울대교구장)
암흑이 우리를 감싸도 아침의 해는 떠오른다. 끊임없이 발전과 ..",http://www.seoul.co.kr/news/newsView.php?id=20161230024001,
01100101.20161229212208003,20161229,경향신문,박효재 기자 mann616@kyunghyang.com,아이는 ‘하늘 소풍’ 간 걸까 소풍의 기회를 빼앗긴 걸까, 국제>유럽_EU, 사회>미디어,,범죄>범죄일반>절도,,,오로지,호주,"아시아,키스코,세븐뉴스,헤럴드,호주,서호주","아이,하늘,소풍,소풍,기회,걸까,부모,권리,치료,의무,논쟁,호주,꼬마,키스코,아이,고통,치료,생존,가능성,조금,치료,고민,호주,6세,소년,키스코,악성,뇌종양,투병,28일,현지시간,세상,시드니모닝헤럴드,현지,언론,이날,키스코,서부,퍼스,엄마,보도,엄마,앤젤라,키스코,여정,아들,악몽,아이,아이,생사여탈,부모,결정,논쟁,현지,언론,세븐뉴스,논쟁,나라,아이,세상,보도,육아,사이트,아이,판단,아이,가능성,부모,진통,치료,키스코,판정,뇌종양,퍼스,마거릿공주병원,수술,아이,의사들,화학요법,방사선,치료,병행,부모,하지만,부모,아이,고통,영구적,지적장애,부작용,거부,의료진,서호주가정법원,강제,치료,명령,소송,3월,법원,화학요법,판결,하지만,방사선,치료,부모,거부,소송,앤젤라,방송프로그램,치료,선택,아들,고통,항변,법정,싸움,사건,부모,권리,치료,의무,전국적,논쟁,의료진,방사선치료,생존확률,최소,30%,부모,고통,부작용,과학적,입증,아시아,대체요법,엄마,앤젤라,세상,엄마,시어머니,투병,생각,아이,평화,방사선치료,거부,9월,법원,부모,키스코,상태,악화,강도,치료,통증,완화,치료,판단,법원,판결,결정,선례,단서,부모,결정권,의료진,판단,우위,생존,먼저,판사,치료,갈등,아이,부모,사랑,관심,걱정,오로지,아이,부모,치료,중단,아이,아들,행복,모습,공개,키스코,크리스마스,가족,사흘,세상,아들,장례식,노래,장례식,앤젤라,약속","키스코,앤젤라,의료진,뇌종양,호주,부작용,장례식,퍼스,세븐뉴스,방사선치료,방사선,하지만,화학요법,가능성,아시아,지적장애,대체요법,과학적,마거릿공주병원,방송프로그램,6세,오로지,생사여탈","ㆍ‘부모 권리 - 치료 의무’ 논쟁 불렀던 호주 꼬마 키스코 숨져아이에게 고통을 줄 것이 뻔한 치료를 받지 않게 하는 것이 옳을까, 생존할 가능성이 조금이라도 있다면 계속 치료를 받게 하는 것이 옳을까. 이 문제를 고민하게 만든 호주의 6세 소년 오신 키스코가 악성뇌종양 투병 끝에 28일(현지시간) 새벽 세상을 떠났다. 시드니모닝헤럴드 등 현지 언론은 ..",http://news.khan.co.kr/kh_news/khan_art_view.html?artid=201612292104005&code=970207,
01100201.20161229201950001,20161229,국민일보,,[2016 한국교회 10대 뉴스] (3) 성도들도 촛불 들고 광장으로 시국기도회로 ,,,,,,,,한국,,"10대,한국교회,성도들,촛불,광장,시국기도회,최순실,국정,농단,사태,교단,단체,교회,시국선언,촛불,광장,참석,촛불,집회,정의,5:24,5:24,말씀,실천,혼란,시국,수습,안정,기도,교인들,기도,간구,감사,하나님,4:6,말씀,각자,처소,나라,기도,매진","최순실,하나님,성도들,한국교회,기도회,시국선언,성도,시국기도회,교인들,10대,기도,촛불,시국,말씀,집회,교단,사태,단체,농단,교회,국정,감사,처소,정의,각자,혼란,간구,수습,실천,나라,안정,광장,교인,참석,매진","‘최순실 국정농단’ 사태 후 주요 교단과 단체, 교회 등의 시국선언이 잇따랐다. 촛불을 들고 직접 광장으로 나간 이들도 많았다. 이들은 촛불 집회 참석이 “정의를 물 같이”(암 5:24)라는 말씀의 실천이라고 여겼다. 혼란스런 시국의 수습과 안정을 위해 기도한 교인들도 적지 않았다. “모든 일에 기도와 간구로 너희 구할 것을 감사함으로 하나님께 아뢰라”..",http://news.kmib.co.kr/article/view.asp?arcid=0923669235&code=23111111&cp=nk,
01100701.20161229191243001,20161229,세계일보,김유나,차병원 일가 무허가 세포치료제 투여, 사회>의료_건강, IT_과학>과학,,범죄>범죄일반>살인,,,"차,이모,차광렬",,"차병원,식품의약품안전처,보건복지부,차바이오텍,검찰,차병원그룹,식약처,분당차병원,박근혜정부","투여,차병원,일가,무허가,세포,치료제,바이오의약품,차바이오텍,무허가,세포,치료제,총괄회장,차광렬,차병원그룹,총괄,회장,가족,제공,식품의약품안전처,분당차병원,무허가,세포,치료제,제조,판매,혐의,약사법,위반,차바이오텍,대표,검찰,고발,29일,식약처,차바이오텍,회장,부인,혈액,채취,세포,분리,배양,2월,10월,19차례,세포치료제,자가살해세포,치료제,제조,분당차병원,공급,자가살해세포,선천,면역,세포,세포,세포,바이러스,비정상적,세포,역할,현행법,세포,치료제,제조,식약처장,허가,5년,징역,5000만,벌금형,분당차병원,차바이오텍,공급,치료제,무허가,자가,살해,세포,치료,분당차병원,진료실,회장,가족,투여,조사,식약처,분당차병원,보건복지부,사실,통보,무허가,의약품,투여,의사,의료행위,의료법,도덕,의료,행위,규정,1개월,처분,자격,정지,차병원그룹,박근혜정부,각종,수혜,의혹,회장,산모들,기증,제대혈,탯줄혈액,미용,보양,불법,시술,혐의,검찰,고발,상태","무허가,분당차병원,차바이오텍,세포치료제,치료제,차병원그룹,식약처,자가살해세포,의료행위,1개월,차광렬,바이오의약품,제대혈,탯줄혈액,박근혜,의료법,19차례,5000만,박근혜정부,약사법,산모들,식약처장,벌금형,차병원,총괄회장,보건복지부,식품의약품안전처,진료실,현행법,의약품,세포,회장,투여,혈액,혐의","바이오의약품 개발업체인 차바이오텍이 무허가 세포치료제를 만들어 차광렬 차병원그룹 총괄회장과 가족에게 제공한 것으로 드러났다. 식품의약품안전처는 분당차병원에 무허가 세포치료제를 제조 판매한 혐의(약사법 위반)로 차바이오텍 최모(60) 대표를 검찰에 고발했다고 29일 밝혔다. 식약처에 따르면 차바이오텍은 차 회장과 부인, 딸로부터 혈액을 채취해 세포를 분..",http://www.segye.com/content/html/2016/12/29/20161229003327.html,
01100611.20161229174657001,20161229,서울신문,박종익,암투병 제자 위해 매일 병원 찾아 수업하는 교사, 문화>출판, IT_과학>IT_과학일반,,,,,,"이란,미국",데일리메일,"암투병,제자,병원,수업,교사,레딧,미국,소셜사이트,각종,SNS,화제,사진,SNS,100만,공유,사진,병실,소년,남성,모습,사진,사람,병실,연결,전화,이야기,상황,궁금증,사연,사진,소년,투병,병실,태블릿,PC,통화,남자,선생님,보도,선생님,치료,학교,제자,병실,전화,수업,진행,이란,촬영,사람,신원,공개,네티즌들,감동,데일리메일,해외언론들,제자,선생님,헌신,선생님,사람,세상,학생,나우뉴스부","선생님,미국,태블릿,소셜사이트,100만,데일리메일,해외언론들,네티즌들,궁금증,레딧,sns,나우뉴스부,pc,암투병,사진,병실,제자,사람,선생,수업,전화,소년,치료,각종,공유,학생,감동,네티즌,해외,공개,상황,통화,진행,이야기,언론,세상,남자,교사,신원,학교,촬영,사연,남성","미국 소셜사이트 레딧과 각종 SNS를 통해 화제가 된 사진 한 장. 
최근 SNS를 통해 100만 회 이상 공유되고 있는 이 사진은 병실에 누워있는 한 소년과 밖에 앉아 있는 한 성인 남성의 모습이 담겨 있다.
사진에서 두 사람은 병실과 연결된 전화를 통해 이야기를 나누고 있어 무슨 상황인지 자못 궁금증을 자아낸다. 사연은 이렇다.
사진 속 어린 소년은..",http://nownews.seoul.co.kr/news/newsView.php?id=20161229601013,
01100611.20161229174656001,20161229,서울신문,안정은,소아암 환자가 파는 ‘기적의 핫 초콜릿’ 화제, 사회,,,,,,,"코코아,애빙턴","미국,NBC,펜실베니아","소아암,환자,기적,초콜릿,화제,자신,아픔,사람,고통,생각,소년,소아암,투병,특별,모금행사,미국,NBC,27일,현지시간,소아암,6살,소년,친구들,성금,마련,음료,판매,시작,이름,매튜,기적,초콜릿,2시간,700만,매튜,2년,투병중,윌름즈,종양,신장,종양,소아암,발생도,소아,소아,6~7%,차지,수술,방사선,치료,화학요법,면역요법,치료,자신,사람들,생각,기도,매튜,엄마,아이들,초콜릿,판매,자신,계획,엄마,아들,마음씨,감동,엄마,맥도넬,매튜,친구들,각별,애정,엄마,아빠,아들,특별,존중,매튜,소망,모금행사,아빠,패트릭,코코아,판매대,엄마,펜실베니아,스크랜턴,근처,애빙턴,지역,허가,공원,사용,그날,매튜,치료,일정,자유,하루,친구들,가족,지역,사업가,쿠키,도넛,종이,제품,기부,엄마,초콜릿,사람들,제공,소년,명분,지역사회,행사,2시간,진행,2시간,500명,사람들,매튜,초콜릿,광경,매튜,후원자들,자리,매튜,가족,56.7리터,초콜릿,판매,6500달러,소아암,지원,비영리단체,기부,매튜,기금,티셔츠,판매,생각,아이디어,적극,지지,엄마,머릿속,생각,현실,아들,능력,감동,사진,Courtesy,McDonnell,family","매튜,소아암,친구들,사람들,스크랜턴,펜실베니아,모금행사,4기,윌름즈,미국,비영리단체,사업가,면역요법,후원자,애빙턴,방사선,패트릭,지역사회,화학요법,판매대,6500달러,후원자들,투병중,리터,아이들,6살,발생도,700만,머릿속","자신의 아픔보다 다른 사람의 고통을 먼저 생각하는 어린 소아암 투병 소년의 특별한 모금행사가 열렸다.
미국의 NBC는 27일(현지시간) 소아암과 싸우는 6살 소년이 같은 병에 걸린 친구들을 위한 성금을 마련하고자 음료 판매를 시작했다고 전했다. 그의 이름을 딴 “매튜의 기적 같은 핫 초콜릿”은 2시간 만에 700만원이 넘는 돈을 벌어들였다.
